{
    "$schema": "https://schema.management.azure.com/schemas/0.1.2-preview/CreateUIDefinition.MultiVm.json#",
    "handler": "Microsoft.Compute.MultiVm",
    "version": "0.1.2-preview",
    "parameters": {
        "basics": [],
        "steps": [
            {
                "name": "rloconfig",
                "label": "RLO VMs Configuration",
                "subLabel": {
                    "preValidation": "Configure RLO Service for Deployment",
                    "postValidation": "Done"
                },
                "bladeTitle": "Virtual Machine Settings",
                "elements": [
                    {
                        "name": "adminUsername",
                        "type": "Microsoft.Compute.UserNameTextBox",
                        "label": "Admin Username",
                        "toolTip": "Admin username to connect to SQL VM",
                        "osPlatform": "Windows",
                        "constraints": {
                            "required": true,
                            "regex": "^[a-zA-Z][a-zA-Z]{4,15}$",
                            "validationMessage": "Only letters allowed and 5 to 16 characters allowed."
                        }
                    },
                    {
                        "name": "adminPassword",
                        "type": "Microsoft.Compute.CredentialsCombo",
                        "label": {
                            "password": "Admin Password",
                            "confirmPassword": "Repeat Admin Password"
                        },
                        "toolTip": {
                            "password": "Password for amin user"
                        },
                        "osPlatform": "Windows",
                        "constraints": {
                            "required": true
                        }
                    },
                    {
                        "name": "storageAccount",
                        "type": "Microsoft.Storage.StorageAccountSelector",
                        "label": "Storage account",
                        "toolTip": "Storage account used for deployment",
                        "defaultValue": {
                            "type": "Standard_LRS",
                            "name": "[concat('rlo', take(replace(guid(), '-', ''), 10))]"
                        },
                        "constraints": {
                            "allowedTypes": [
                                "Premium_LRS",
                                "Standard_LRS",
                                "Standard_GRS"
                            ]
                        }
                    },
                    {
                        "name": "virtualNetwork",
                        "type": "Microsoft.Network.VirtualNetworkCombo",
                        "label": {
                            "virtualNetwork": "Virtual Network",
                            "subnets": "Subnets"
                        },
                        "toolTip": {
                            "virtualNetwork": "Virtual Network for RLO",
                            "subnets": "Subnets inside Virtual Network"
                        },
                        "defaultValue": {
                            "name": "rlonet",
                            "addressPrefixSize": "/16"
                        },
                        "constraints": {
                            "minAddressPrefixSize": "/16"
                        },
                        "options": {
                            "hideExisting": false
                        },
                        "subnets": {
                            "rlosubnet": {
                                "label": "RLO Subnet",
                                "defaultValue": {
                                    "name": "rlosubnet",
                                    "addressPrefixSize": "/24"
                                },
                                "constraints": {
                                    "minAddressPrefixSize": "/24"
                                }
                            }
                        },
                        "visible": true
                    },
                    {
                        "name": "publicIp",
                        "type": "Microsoft.Network.PublicIpAddressCombo",
                        "label": {
                            "publicIpAddress": "Public IP Address for RLO",
                            "domainNameLabel": "DNS Label for FQDN Access to RLO Services"
                        },
                        "defaultValue": {
                            "publicIpAddressName": "rlopubip",
                            "domainNameLabel": "rloct"
                        },
                        "constraints": {
                            "required": {
                                "domainNameLabel": true
                            }
                        },
                        "options": {
                            "hideDomainNameLabel": false,
                            "hideExisting": true,
                            "hideNone": true
                        },
                        "visible": true
                    },
                    {
                        "name": "serverFarmSku",
                        "type": "Microsoft.Common.DropDown",
                        "label": "Server Farm Size",
                        "defaultValue": "B1",
                        "constraints": {
                            "allowedValues": [
                                {
                                    "label": "Basic Service Plan - B1",
                                    "value": "B1"
                                },
                                {
                                    "label": "Basic Service Plan - B2",
                                    "value": "B2"
                                },
                                {
                                    "label": "Basic Service Plan - B3",
                                    "value": "B3"
                                },
                                {
                                    "label": "Standard Service Plan - S1",
                                    "value": "S1"
                                },
                                {
                                    "label": "Standard Service Plan - S2",
                                    "value": "S2"
                                },
                                {
                                    "label": "Standard Service Plan - S3",
                                    "value": "S3"
                                }
                            ],
                            "required": true
                        },
                        "visible": true
                    },
                    {
                        "name": "sqlSize",
                        "type": "Microsoft.Compute.SizeSelector",
                        "label": "SQL Virtual Machine Size",
                        "toolTip": "SQL Virtual Machine Size",
                        "recommendedSizes": [
                            "Standard_D4_v3",
                            "Standard_D8_v2",
                            "Standard_D4_v3",
                            "Standard_D8_v3",
                            "Standard_B4ms",
                            "Standard_B8ms"
                        ],
                        "constraints": {
                            "allowedSizes": [
                                "Standard_D4s_v3",
                                "Standard_D8s_v2",
                                "Standard_D4_v3",
                                "Standard_D8_v3",
                                "Standard_B4ms",
                                "Standard_B8ms"
                            ]
                        },
                        "options": {
                            "hideDiskTypeFilter": false
                        },
                        "osPlatform": "Windows",
                        "count": 1
                    }
                ]
            }
        ],
        "outputs": {
            "storageAccountName": "[steps('rloconfig').storageAccount.name]",
            "storageNewOrExisting": "[steps('rloconfig').storageAccount.newOrExisting]",
            "storageAccountType": "[steps('rloconfig').storageAccount.type]",
            "location": "[location()]",
            "adminUsername": "[steps('rloconfig').adminUsername]",
            "adminPassword": "[steps('rloconfig').adminPassword.password]",
            "vnetName": "[steps('rloconfig').virtualNetwork.name]",
            "vnetAddressPrefix": "[steps('rloconfig').virtualNetwork.addressPrefix]",
            "vnetNewOrExisting": "[steps('rloconfig').virtualNetwork.newOrExisting]",
            "addressPrefix": "[steps('rloconfig').virtualNetwork.subnets.rlosubnet.addressPrefix]",
            "publicIpNewOrExisting": "[steps('rloconfig').publicIp.newOrExistingOrNone]",
            "dnsNameForPublicIp": "[steps('rloconfig').publicIp.domainNameLabel]",
            "publicIpAddressName": "[steps('rloconfig').publicIp.name]",
            "serverFarmSku": "[steps('rloconfig').serverFarmSku]",
            "sqlSize": "[steps('rloconfig').sqlSize]"
        }
    }
}