{
    "$schema": "https://schema.management.azure.com/schemas/2015-01-01/deploymentTemplate.json#",
    "contentVersion": "1.0.0.0",
    "parameters": {
        "storageAccountName": {
            "type": "string"
        },
        "storageNewOrExisting": {
            "type": "string"
        },
        "storageAccountType": {
            "type": "string"
        },
        "location": {
            "type": "string"
        },
        "adminUsername": {
            "type": "string"
        },
        "adminPassword": {
            "type": "string"
        },
        "vnetName": {
            "type": "string"
        },
        "vnetAddressPrefix": {
            "type": "string"
        },
        "vnetNewOrExisting": {
            "type": "string"
        },
        "addressPrefix": {
            "type": "string"
        },
        "publicIpNewOrExisting": {
            "type": "string"
        },
        "dnsNameForPublicIp": {
            "type": "string"
        },
        "publicIpAddressName": {
            "type": "string"
        },
        "serverFarmSku": {
            "type": "string"
        },
        "sqlSize": {
            "type": "string",
            "defaultValue": "Standard_D4s_v3"
        }
    },
    "variables": {
        "_artifactLocation": "[deployment().properties.templateLink.uri]"
    },
    "resources": [
        {
            "type": "Microsoft.Resources/deployments",
            "apiVersion": "2019-05-01",
            "name": "pid-95b1aa13-4cd4-57fc-b0cd-7a2b25d02661",
            "properties": {
                "mode": "Incremental",
                "template": {
                    "$schema": "https://schema.management.azure.com/schemas/2015-01-01/deploymentTemplate.json#",
                    "contentVersion": "1.0.0.0",
                    "resources": []
                }
            }
        },
        {
            "type": "Microsoft.Resources/deployments",
            "apiVersion": "2019-05-01",
            "name": "mainTemplate",
            "properties": {
                "mode":"Incremental",
                "parameters": {
                    "storageAccountName": { "value": "[parameters('storageAccountName')]" },
                    "storageNewOrExisting": { "value": "[parameters('storageNewOrExisting')]" },
                    "storageAccountType": { "value": "[parameters('storageAccountType')]" },
                    "location": { "value": "[parameters('location')]" },
                    "adminUsername": { "value": "[parameters('adminUsername')]"},
                    "adminPassword": { "value": "[parameters('adminPassword')]"},
                    "vnetName": { "value": "[parameters('vnetName')]"},
                    "vnetAddressPrefix": { "value": "[parameters('vnetAddressPrefix')]"},
                    "addressPrefix": { "value": "[parameters('addressPrefix')]"},
                    "vnetNewOrExisting": { "value": "[parameters('vnetNewOrExisting')]"},
                    "publicIpNewOrExisting": { "value": "[parameters('publicIpNewOrExisting')]"},
                    "dnsNameForPublicIp": { "value": "[parameters('dnsNameForPublicIp')]"},
                    "publicIpAddressName": { "value": "[parameters('publicIpAddressName')]"},
                    "_artifactLocation": { "value": "[variables('_artifactLocation')]" },
                    "serverFarmSku": { "value": "[parameters('serverFarmSku')]" },
                    "sqlSize": { "value": "[parameters('sqlSize')]" }
                },
                "templateLink": {
                    "uri": "[uri(variables('_artifactLocation'), 'templates/deployRLO.json')]"
                }
            }
        }
    ]
}