{
    "$schema": "https://schema.management.azure.com/schemas/2015-01-01/deploymentTemplate.json#",
    "contentVersion": "1.0.0.0",
    "parameters": {
        "rloCommon": {
            "type": "object"
        }
    },
    "resources": [
        {
            "name": "rloServerFarm",
            "type": "Microsoft.Web/serverfarms",
            "apiVersion": "2018-02-01",
            "location": "[parameters('rloCommon').location]",
            "kind": "app",
            "sku": {
                "name": "[parameters('rloCommon').serverFarmSku]"
            },
            "properties": {
                "name": "rloServerFarm",
                "numberOfWorkers": 1
            }
        }
    ],
    "outputs": {}
}
    