{
    "$schema": "https://schema.management.azure.com/schemas/2015-01-01/deploymentTemplate.json#",
    "contentVersion": "1.0.0.0",
    "parameters": {
        "rloCommon": {
            "type": "object"
        }
    },
    "variables": {
        "storageAccountId": "[resourceId('Microsoft.Storage/storageAccounts', parameters('rloCommon').storageAccountName)]"
    },
    "resources": [
        {
            "type": "Microsoft.Storage/storageAccounts",
            "apiVersion": "2019-04-01",
            "location": "[parameters('rloCommon').location]",
            "name": "[parameters('rloCommon').storageAccountName]",
            "kind": "Storage",
            "sku": {
                "name": "[parameters('rloCommon').storageAccountType]"
            }
        }
    ]
}