{
    "$schema": "https://schema.management.azure.com/schemas/2015-01-01/deploymentTemplate.json#",
    "contentVersion": "1.0.0.0",
    "parameters": {
        "storageAccountName": {
            "type": "string"
        },
        "storageNewOrExisting": {
            "type": "string"
        },
        "storageAccountType": {
            "type": "string"
        },
        "location": {
            "type": "string"
        },
        "adminUsername": {
            "type": "string"
        },
        "adminPassword": {
            "type": "string"
        },
        "vnetName": {
            "type": "string"
        },
        "vnetAddressPrefix": {
            "type": "string"
        },
        "addressPrefix": {
            "type": "string"
        },
        "vnetNewOrExisting": {
            "type": "string"
        },
        "publicIpNewOrExisting": {
            "type": "string"
        },
        "dnsNameForPublicIp": {
            "type": "string"
        },
        "publicIpAddressName": {
            "type": "string"
        },
        "_artifactLocation": {
            "type": "string"
        },
        "serverFarmSku": {
            "type": "string"
        },
        "sqlSize": {
            "type": "string"
        }
    },
    "variables": {
        "rloCommon": {
            "storageAccountName": "[parameters('storageAccountName')]",
            "storageNewOrExisting": "[parameters('storageNewOrExisting')]",
            "storageAccountType": "[parameters('storageAccountType')]",
            "location": "[parameters('location')]",
            "adminUsername": "[parameters('adminUsername')]",
            "adminPassword": "[parameters('adminPassword')]",
            "vnetName": "[parameters('vnetName')]",
            "vnetAddressPrefix": "[parameters('vnetAddressPrefix')]",
            "addressPrefix": "[parameters('addressPrefix')]",
            "vnetNewOrExisting": "[parameters('vnetNewOrExisting')]",
            "publicIpNewOrExisting": "[parameters('publicIpNewOrExisting')]",
            "dnsNameForPublicIp": "[parameters('dnsNameForPublicIp')]",
            "publicIpAddressName": "[parameters('publicIpAddressName')]",
            "baseArtifactLocation": "[parameters('_artifactLocation')]",
            "serverFarmSku": "[parameters('serverFarmSku')]",
            "sqlSize": "[parameters('sqlSize')]"
        }
    },
    "resources": [
        {
            "type": "Microsoft.Resources/deployments",
            "name": "storageAccountTemplate",
            "apiVersion": "2019-05-01",
            "condition": "[equals(variables('rloCommon').storageNewOrExisting, 'new')]",
            "properties": {
                "mode": "Incremental",
                "parameters": {
                    "rloCommon": { "value": "[variables('rloCommon')]" }
                },
                "templateLink": {
                    "uri": "[uri(variables('rloCommon').baseArtifactLocation, 'templates/deployStorageAccount.json')]"
                }
            }
        },
        {
            "type": "Microsoft.Resources/deployments",
            "name": "serverFarmTemplate",
            "apiVersion": "2019-05-01",
            "properties": {
                "mode": "Incremental",
                "parameters": {
                    "rloCommon": { "value": "[variables('rloCommon')]" }
                },
                "templateLink": {
                    "uri": "[uri(variables('rloCommon').baseArtifactLocation, 'templates/deployServerFarms.json')]"
                }
            }
        },
        {
            "type": "Microsoft.Resources/deployments",
            "name": "networkTemplate",
            "apiVersion": "2019-05-01",
            "properties": {
                "mode":"Incremental",
                "parameters": {
                    "rloCommon": { "value": "[variables('rloCommon')]" }
                },
                "templateLink": {
                    "uri": "[uri(variables('rloCommon').baseArtifactLocation, 'templates/network.json')]"
                }
            }
        },
        {
            "type": "Microsoft.Resources/deployments",
            "name": "webSiteDeploy",
            "apiVersion": "2019-05-01",
            "dependsOn": [
                "Microsoft.Resources/deployments/networkTemplate",
                "Microsoft.Resources/deployments/serverFarmTemplate",
                "Microsoft.Resources/deployments/storageAccountTemplate"
            ],
            "properties": {
                "mode": "Incremental",
                "parameters": {
                    "rloCommon": { "value": "[variables('rloCommon')]" },
                    "domainNameLabel": { "value": "[reference('networkTemplate').outputs.domainNameLabel.value]" }
                },
                "templateLink": {
                    "uri": "[uri(variables('rloCommon').baseArtifactLocation, 'templates/deployWebSite.json')]"
                }
            }
        },
        {
            "type": "Microsoft.Resources/deployments",
            "name": "sqlServerDeploy",
            "apiVersion": "2019-05-01",
            "dependsOn": [
                "Microsoft.Resources/deployments/webSiteDeploy"
            ],
            "properties": {
                "mode":"Incremental",
                "parameters": {
                    "rloCommon": { "value": "[variables('rloCommon')]" },
                    "subnetId": { "value": "[reference('networkTemplate').outputs.subnetId.value]"},
                    "publicIpId": { "value": "[reference('networkTemplate').outputs.publicIpId.value]" }
                },
                "templateLink": {
                    "uri": "[uri(variables('rloCommon').baseArtifactLocation, 'templates/deploySQL.json')]"
                }
            }
        }
    ]
}