{
    "$schema": "http://schema.management.azure.com/schemas/2015-01-01/deploymentTemplate.json#",
    "contentVersion": "1.0.0.0",
    "parameters": {
        "rloCommon": {
            "type": "object"
        }
    },
    "resources": [
        {
            "type": "Microsoft.Network/virtualNetworks",
            "apiVersion": "2017-10-01",
            "location": "[parameters('rloCommon').location]",
            "name": "[parameters('rloCommon').vnetName]",
            "properties": {
                "addressSpace": { 
                    "addressPrefixes": [
                        "[parameters('rloCommon').vnetAddressPrefix]"
                    ]
                }
            }
        }
    ]
}
