{
    "$schema": "http://schema.management.azure.com/schemas/2015-01-01/deploymentTemplate.json#",
    "contentVersion": "1.0.0.0",
    "parameters": {
        "rloCommon": {
            "type": "object"
        }
    },
    "resources": [
        {
            "type": "Microsoft.Network/publicIPAddresses",
            "name": "[parameters('rloCommon').publicIPAddressName]",
            "location": "[parameters('rloCommon').location]",
            "apiVersion": "2018-12-01",
            "properties": {
                "publicIPAllocationMethod": "Static",
                "publicIPAddressVersion": "IPv4",
                "dnsSettings": {
                    "domainNameLabel": "[parameters('rloCommon').dnsNameForPublicIP]"
                }
            }
        }
    ],
    "outputs": {
        "publicIpId": {
            "value": "[resourceId('Microsoft.Network/publicIPAddresses', parameters('rloCommon').publicIPAddressName)]",
            "type": "string"
        }
    }
}
